_id,name,image,basename,suggestion,status
698fa044d39be98cafc16d79,"Notion Education Plus"],/uploads/gh-pack/logo-full-dark.png,,,ok
698fa477d39be98cafc16e9f,"Digital Ocean - 1Year"],/uploads/gh-pack/logo-full-dark.png,,,ok
6992fb8bfaf03ca84ff7797c,"Virtual Visa Card"],/uploads/gh-pack/logo-full-dark.png,,,ok
6992fbd0faf03ca84ff7798b,"Digital Ocean - 2Months"],/uploads/gh-pack/logo-full-dark.png,,,ok
6992fbfcfaf03ca84ff7799a,"Github Student Pack - 2Years"],/uploads/gh-pack/logo-full-dark.png,,,ok
69a171881e278f34789f0c8d,"Virtual Visa Card"],/uploads/gh-pack/logo-full-dark.png,,,ok
6a16e5db7d637ec24ea6aef7,"Github Student Pack - 2Years (5Acc)"],/uploads/gh-pack/logo-full-dark.png,,,ok
6a23b3a692db199d11735b71,"Intro to Copilot"],/uploads/gh-pack/Copilot Glow logo.png,,,ok
6a23b3a792db199d11735b72,"Intro to GitHub"],/uploads/gh-pack/logo-full-dark.png,,,ok
6a23b3a792db199d11735b73,"GitHub Foundations Certification"],/uploads/gh-pack/logo-full-dark.png,,,ok
6a23b3a792db199d11735b74,"Intro to Open Source"],/uploads/gh-pack/logo-full-dark.png,,,ok
6a23b3a792db199d11735b75,"Travis CI"],/uploads/gh-pack/icon_travis-f8154c670223e7efe73436bac28d71aee6e6e3545a7a9bcaa7ee65e70a2beee1.png,,,ok
6a23b3a792db199d11735b76,"GitHub"],/uploads/gh-pack/icon_github-2c7bc698bda30986d458cf78155c6cc141e2a23bc0217a847d18084a6308527d.png,,,ok
6a23b3a892db199d11735b77,"GitHub Codespaces"],/uploads/gh-pack/logo-full-dark.png,,,ok
6a23b3a892db199d11735b78,"Codedex"],/uploads/gh-pack/bot-logo.png,,,ok
6a23b3a892db199d11735b79,"Visual Studio Code"],/uploads/gh-pack/logo-full-dark.png,,,ok
6a23b3a892db199d11735b7a,"GitLens"],/uploads/gh-pack/logo-full-dark.png,,,ok
6a23b3a892db199d11735b7b,"GitKraken"],/uploads/gh-pack/logo-full-dark.png,,,ok
6a23b3a992db199d11735b7c,"AI Prompting & Technical Writing"],/uploads/gh-pack/logo-full-dark.png,,,ok
6a23b3a992db199d11735b7d,"Microsoft Azure"],/uploads/gh-pack/icon_microsoft-a0d3ba19d5647ccd31e7649dc1b626c30b69e232ce8fa5c45f953b5fd0a3e5d4.png,,,ok
6a23b3a992db199d11735b7e,"Educative"],/uploads/gh-pack/logo-full-dark.png,,,ok
6a23b3a992db199d11735b7f,"POEditor"],/uploads/gh-pack/icon_poeditor-3732fb19ba070e792158b44f94f2219fec28f449f7d5bbaf4e8b2d94b2e687d5.png,,,ok
6a23b3a992db199d11735b80,"GitHub Copilot"],/uploads/gh-pack/logo-full-dark.png,,,ok
6a23b3a992db199d11735b81,"Visme"],/uploads/gh-pack/visme_logo_H dark.png,,,ok
6a23b3aa92db199d11735b82,"Intro to Web Dev"],/uploads/gh-pack/logo-full-dark.png,,,ok
6a23b3aa92db199d11735b83,"LambdaTest"],/uploads/gh-pack/icon_lambdatest-7058ee4f2a47024c00bbf8abcd391224a884fb8b58ed55911b7edcdd6a85fc20.png,,,ok
6a23b3aa92db199d11735b84,"Polypane"],/uploads/gh-pack/icon_polypane-946b6f03a14e9dc2c51147b318f8f45fc9d6c211b3a336cd6edf88c93151cd9b.png,,,ok
6a23b3aa92db199d11735b85,"Bootstrap Studio"],/uploads/gh-pack/icon_bootstrapstudio-ce453adf4fcd95630333fd30e35e84fa2c37c36fcfb26ecf5fddb395d6796c36.png,,,ok
6a23b3aa92db199d11735b86,"DigitalOcean"],/uploads/gh-pack/icon_digitalocean-667524941373242be0588ccf9415686a3b2a5f10f81da606f3fdeb55b7e2cb9d.png,,,ok
6a23b3ab92db199d11735b87,"GitHub Pages"],/uploads/gh-pack/icon_github-pages-2c7bc698bda30986d458cf78155c6cc141e2a23bc0217a847d18084a6308527d.png,,,ok
6a23b3ab92db199d11735b88,"Microsoft Azure (for ages 13-17)"],/uploads/gh-pack/logo-full-dark.png,,,ok
6a23b3ab92db199d11735b89,"Data Science & Machine Learning"],/uploads/gh-pack/data-science-machine-learning-logo.png,,,ok
6a23b3ab92db199d11735b8a,"Datadog"],/uploads/gh-pack/icon_datadog-6c67a863ec95c1fe935117543b03fbe482323586e253568bd66ebacbf83befe2.png,,,ok
6a23b3ab92db199d11735b8b,"SQLGate"],/uploads/gh-pack/icon_sqlgate-48151081e625f0c444529e7db300f1ac523fb86d138fc8c7108748d72e76ff5a.png,,,ok
6a23b3ac92db199d11735b8c,"Deepnote"],/uploads/gh-pack/icon_deepnote-aa3c82ca46819908b7dd0fce9a591326b3a71d07699aaf7b2f38df6b0a5219d5.png,,,ok
6a23b3ac92db199d11735b8d,"DataCamp"],/uploads/gh-pack/icon_datacamp-5d33c679b2b49d46da1c6f7a9d54ed3f91aa1c7c3c6f21be94237fad6bfe4b7b.png,,,ok
6a23b3ac92db199d11735b8e,"MongoDB"],/uploads/gh-pack/icon_mongodb-0bd13c4208df7888377a172349538062958ff48b41eef92463a7c088590abf2c.png,,,ok
6a23b3ac92db199d11735b8f,"Mobile App Development"],/uploads/gh-pack/app-dev-program-logo.png,,,ok
6a23b3ac92db199d11735b90,"FrontendMasters"],/uploads/gh-pack/icon_frontendmasters-236411b5e18abbceed29638caebe40a235b6e4e6ef448f5650d9df4a4d4b0947.png,,,ok
6a23b3ac92db199d11735b91,"Virtual Event Kit"],/uploads/gh-pack/logo-full-dark.png,,,ok
6a23b3ad92db199d11735b92,"Profile README"],/uploads/gh-pack/logo-full-dark.png,,,ok
6a23b3ad92db199d11735b93,"Launchpad: Intro to Javascript"],/uploads/gh-pack/Unofficial_JavaScript_logo_2.svg.png,,,ok
6a23b3ad92db199d11735b94,"Name.com"],/uploads/gh-pack/Logo_Dark.png,,,ok
6a23b3ad92db199d11735b95,"Namecheap"],/uploads/gh-pack/logo-namecheap-83dbded15a1478949086bfbe77600dee1df082f1709c039b790def830e80d69c.jpg,,,ok
6a23b3ad92db199d11735b96,"Microsoft 365"],/uploads/gh-pack/Microsoft365_logo_horiz_c-gray_rgb.png,,,ok
6a23b3ae92db199d11735b97,".TECH"],/uploads/gh-pack/logo-tech-74787b1fc5347f817f6547f9eb12c2fe1326eda685130f661ed3d6cab9d71257.jpg,,,ok
6a23b3ae92db199d11735b98,"Notion"],/uploads/gh-pack/notion-logo.png,,,ok
6a23b3ae92db199d11735b99,"Boot.dev"],/uploads/gh-pack/bootdev_logo_badge_800.png,,,ok
6a23b3ae92db199d11735b9a,"JetBrains"],/uploads/gh-pack/logo-jetbrains-4e0f80fd67fc8aafadc0d28b3004f84d641540f99c3e804189e308b638c6d0af.jpg,,,ok
6a23b3ae92db199d11735b9b,"Heroku"],/uploads/gh-pack/logo-heroku-c67bb92820f8fa28af1df38bc45f6748338d3b025f060d77bc7ab40f37b667ef.jpg,,,ok
6a23b3ae92db199d11735b9c,"Testmail"],/uploads/gh-pack/logo-testmail-611c8df941bf36c00bdff193f3f67addc57dffe89ba815d69ecd89e69e0c0ae9.jpg,,,ok
6a23b3af92db199d11735b9d,"Clerk"],/uploads/gh-pack/logotype-full-primary.png,,,ok
6a23b3af92db199d11735b9e,"Camber"],/uploads/gh-pack/logo-full-dark.png,,,ok
6a23b3af92db199d11735b9f,"Termius"],/uploads/gh-pack/logo-termius-ff843c3940755f6c3cecc7e186368c0eefdd81a79ff755fbafc881ed4e0a9603.jpg,,,ok
6a23b3af92db199d11735ba0,"Stripe"],/uploads/gh-pack/logo-stripe-bcdb05f4e7e21a5dad7af5859c8242d8f365dd538d8de1c7ed6a19ec8ea9e46e.jpg,,,ok
6a23b3af92db199d11735ba1,"Notion Template Collection"],/uploads/gh-pack/logo-full-dark.png,,,ok
6a23b3b092db199d11735ba2,"Appwrite"],/uploads/gh-pack/logo-full-dark.png,,,ok
6a23b3b092db199d11735ba3,"Microsoft Visual Studio Dev Essentials"],/uploads/gh-pack/logo-full-dark.png,,,ok
6a23b3b092db199d11735ba4,"Github Campus Experts"],/uploads/gh-pack/logo-github-campus-experts.jpg,,,ok
6a23b3b092db199d11735ba5,"1Password"],/uploads/gh-pack/1Password_primary logo_light backgrounds_intrepid blue.png,,,ok
6a23b3b092db199d11735ba6,"IconScout"],/uploads/gh-pack/logo-full-dark.png,,,ok
6a23b3b092db199d11735ba7,"Scrimba"],/uploads/gh-pack/logo-full-dark.png,,,ok
6a23b3b192db199d11735ba8,"PomoDone"],/uploads/gh-pack/logo-pomodone-8474a70f0c992cdd137aa9f98fbc3a1554daa829e829aee504e267613c395165.jpg,,,ok
6a23b3b192db199d11735ba9,"LocalStack"],/uploads/gh-pack/LocalStack_Logo_Gradient_OnWhite.png,,,ok
6a23b3b192db199d11735baa,"Sentry"],/uploads/gh-pack/logo-sentry-55dd6f20995e5343481dd060c2a7a193940e0214e6b5e4dd5cdb95870427016b.jpg,,,ok
6a23b3b192db199d11735bab,"BrowserStack"],/uploads/gh-pack/logo-browserstack-0bc2d89efe36dfc3c963fdf6c4226b2907e5a90955d24e2d09ce5bffeb5c9640.jpg,,,ok
6a23b3b192db199d11735bac,"Zyte"],/uploads/gh-pack/logo-full-dark.png,,,ok
6a23b3b292db199d11735bad,"Arduino"],/uploads/gh-pack/logo-arduino-020c4f4dd44af9ab0d5e40c47c7ebb2c5aaec7e5d408f862f64140de05200963.jpg,,,ok
6a23b3b292db199d11735bae,"Icons8"],/uploads/gh-pack/logo-icons8-0920c224d27b3140b859cf6e6317961d1d6faf754392e0b55b64506c1738f85a.jpg,,,ok
6a23b3b292db199d11735baf,"Pageclip"],/uploads/gh-pack/logo-pageclip-0ac0410b7b8deff20d396f6de27ca947409ffd0abe90abf3b9a900e1756ecfb3.jpg,,,ok
6a23b3b392db199d11735bb0,"GitHub Desktop"],/uploads/gh-pack/logo-full-dark.png,,,ok
6a23b3b392db199d11735bb1,"HazeOver"],/uploads/gh-pack/logo-hazeover-c488c0b101e245f56f546eabf0238e8ddc95ba1cf5735d2cb439cde9a4f794cd.jpg,,,ok
6a23b3b392db199d11735bb2,"New Relic"],/uploads/gh-pack/logo-full-dark.png,,,ok
6a23b3b392db199d11735bb3,"CodeScene"],/uploads/gh-pack/logo-full-dark.png,,,ok
6a23b3b392db199d11735bb4,"AlgoExpert"],/uploads/gh-pack/ae_logo.png,,,ok
6a23b3b392db199d11735bb5,"ToDiagram"],/uploads/gh-pack/todiagram-logo-wordmark--light.png,,,ok
6a23b3b492db199d11735bb6,"Imgbot"],/uploads/gh-pack/logo-imgbot-e8cbd1af30866bee9b74e5fc6166afe2ae6fe5e61362d1972555396ace8d9830.jpg,,,ok
6a23b3b492db199d11735bb7,"InterviewCake"],/uploads/gh-pack/logo-interviewcake-cb40d3fb50890729e960f6e95b6bdc4f85e69ebad14ef5a7657f6a5eb2706b2f.jpg,,,ok
6a23b3b492db199d11735bb8,"Requestly"],/uploads/gh-pack/Requestly Logo.png,,,ok
6a23b3b492db199d11735bb9,"Blackfire"],/uploads/gh-pack/logo-blackfire-bc735e26d7597c646d6575a1c4b10d8cd470b03e0550c59acc25d05aa6dd2a3a.jpg,,,ok
6a23b3b492db199d11735bba,"Adafruit"],/uploads/gh-pack/logo-adafruit-8c1aa4dc6f4fe223ed1d8d932edac1398b5cc64f805dccba1dc9bcf0fc0d2d64.jpg,,,ok
6a23b3b492db199d11735bbb,"PopSQL"],/uploads/gh-pack/logo-popsql-81c7ab32033c8f9ad78f91a7be00725d613e3dba0a3f1b08bd251bcee4c6d926.jpg,,,ok
6a23b3b592db199d11735bbc,"SlideCoach"],/uploads/gh-pack/SlideCoach-Logo copy small.png,,,ok
6a23b3b592db199d11735bbd,"GoRails"],/uploads/gh-pack/logo-gorails-fd2b191a93df05028245fbf01845ee7debd277b3db9215359a32ada78e155f24.jpg,,,ok
6a23b3b592db199d11735bbe,"Doppler"],/uploads/gh-pack/logo-full-dark.png,,,ok
6a23b3b592db199d11735bbf,"Octicons"],/uploads/gh-pack/logo-full-dark.png,,,ok
6a23b3b592db199d11735bc0,"WorkingCopy"],/uploads/gh-pack/logo-workingcopy-664eb98533ffeb1a3d086e9c4d0a1e4fb6b431a3f61d5e70819b1a6a629e6383.jpg,,,ok
6a23b3b592db199d11735bc1,"Tower"],/uploads/gh-pack/logo-tower-c2bf84e4ca803601e3a179d8e4b0bc898fa545c7f4e42caf9f5fac6f22a9ceff.jpg,,,ok
6a23b3b692db199d11735bc2,"Xojo"],/uploads/gh-pack/logo-xojo-103a167c7b1a64ca92f2c6a7a17a798b0e50d1e953b7923eb68c694861a29251.jpg,,,ok
6a23b3b692db199d11735bc3,"Codecov"],/uploads/gh-pack/logo-codecov-035d0f2e6d66080dab55e239603f77507ca8aa05d49f2ea4d36d9c49f9944ad9.jpg,,,ok
6a23b3b692db199d11735bc4,"CARTO"],/uploads/gh-pack/logo-cartodb-a39687d6e75146a5834fb91b7496e1e5aa0c1328d032db4f86cdc428157bf6f5.jpg,,,ok
6a23b3b692db199d11735bc5,"DeepScan"],/uploads/gh-pack/logo-deepscan-e7ccb26a858a6fcc24dde9ff7aedea6415b01fadd10cf7718da3aaf2141f93e0.jpg,,,ok
6a23b3b692db199d11735bc6,"Blockchair"],/uploads/gh-pack/logo-blockchair-c0287e39c10fc653f9225561c9f8dc10c765adff4e2cab9fde1c6b64bbcb0e18.jpg,,,ok
6a23b3b792db199d11735bc7,"SimpleAnalytics"],/uploads/gh-pack/logo-simpleanalytics-00634f893cf6923e7b736e0a89d64068585f90ba756d5b8a12eda0b828e14f9a.jpg,,,ok
6a23b3b792db199d11735bc8,"AstraSecurity"],/uploads/gh-pack/logo-astra-b6a87e51e50740c39fb44aeb1e66683bcbe7ca096362ee1f82e70cd1e4e3a614.jpg,,,ok
6a23b3b792db199d11735bc9,"DevCycle"],/uploads/gh-pack/Color-logo-horizontal.png,,,ok
6a23b3b792db199d11735bca,"Honeybadger"],/uploads/gh-pack/logo-honeybadger-2a0f2c1697b0e92bce905a28387747f514614e87ed350f23677a549e679ae64d.jpg,,,ok
6a23b3b792db199d11735bcb,"ConfigCat"],/uploads/gh-pack/logo-configcat-43ae43e3b778505f328c2a0633a071572aa3ecce1bea9dcea16c479e47930995.jpg,,,ok
6a23b3b792db199d11735bcc,"Vaadin"],/uploads/gh-pack/logo-vaadin-f6fb52d9e85c8c6cb059e20ccdbd3bde608bb2625464d75e803abf8d53a6bb9e.jpg,,,ok
6a23b3b892db199d11735bcd,"Themeisle"],/uploads/gh-pack/logo-themeisle-a7c55c5de45d9c8e84a0b149b3ca255239c73ce315d72b892b7b421bd70e89a0.jpg,,,ok
6a23b3b892db199d11735bce,"Dashlane"],/uploads/gh-pack/logo-dashlane-d1415f28e03d7f22211516aed32d203ca7e0c197653d109fd5114f5506593050.jpg,,,ok
6a23b3b892db199d11735bcf,"SymfonyCasts"],/uploads/gh-pack/logo-symfonycasts-4f303f5edf0f0c6c1283ebf4dd5d29cb7018ba2f585c154ac61767dcae903f8c.jpg,,,ok
6a23b3b892db199d11735bd0,"Appfigures"],/uploads/gh-pack/logo-appfigures-01663c1887ce9d4c7f2a47dfcf60e910187a1722df72a056d195201f27f793ab.jpg,,,ok
6a23b74039a93c106540996f,"Intro to Copilot"],/uploads/gh-pack/Copilot Glow logo.png,,,ok
6a23b74039a93c1065409970,"Intro to GitHub"],/uploads/gh-pack/logo-communityexchange-3f2eb02545ca7c3e81beb0a464e85fb5340ec9d689133db563d1869350d6416.png,,,ok
6a23b74039a93c1065409971,"Datadog"],/uploads/gh-pack/logo-github-codespaces-ca007eb83df30ed1a42a0af821e88de650d4b038a1917fd5b6d8a92c8918da0.jpg,,,ok
6a23b74039a93c1065409972,"Codedex"],/uploads/gh-pack/bot-logo.png,,,ok
6a23b74039a93c1065409973,"Visme"],/uploads/gh-pack/visme_logo_H dark.png,,,ok
6a23b74139a93c1065409974,"Intro to Web Dev"],/uploads/gh-pack/github-web-development-kit-logo-7b7457f9366e7e245815871a994d0e2ebacdbd84549a53182b308d.png,,,ok
6a23b74139a93c1065409975,"Data Science & Machine Learning"],/uploads/gh-pack/data-science-machine-learning-logo.png,,,ok
6a23b74139a93c1065409976,"Mobile App Development"],/uploads/gh-pack/app-dev-program-logo.png,,,ok
6a23b74139a93c1065409977,"Microsoft Azure"],/uploads/gh-pack/Small NativeScript_Logo_Wide_White_Blue_Rounded_Blue.png,,,ok
6a23b74139a93c1065409978,"Launchpad: Intro to Javascript"],/uploads/gh-pack/Unofficial_JavaScript_logo_2.svg.png,,,ok
6a23b74139a93c1065409979,"DigitalOcean"],/uploads/gh-pack/logo-digitalocean-b0da822742850ce75376bf17cb4b4196f187702c1e3610a156276521515d9ebc.jpg,,,ok
6a23b74139a93c106540997a,"Name.com"],/uploads/gh-pack/Logo_Dark.png,,,ok
6a23b74139a93c106540997b,"Namecheap"],/uploads/gh-pack/logo-namecheap-83dbded15a1478949086bfbe77600dee1df082f1709c039b790def830e80d69c.jpg,,,ok
6a23b74139a93c106540997c,"GitHub"],/uploads/gh-pack/logo-github-832878ac22ac397cb61be6fcd45d6bb579d787af420c33ae30914186f2710c67.jpg,,,ok
6a23b74139a93c106540997d,"Microsoft 365"],/uploads/gh-pack/Microsoft365_logo_horiz_c-gray_rgb.png,,,ok
6a23b74239a93c106540997e,".TECH"],/uploads/gh-pack/logo-tech-74787b1fc5347f817f6547f9eb12c2fe1326eda685130f661ed3d6cab9d71257.jpg,,,ok
6a23b74239a93c106540997f,"Notion"],/uploads/gh-pack/notion-logo.png,,,ok
6a23b74239a93c1065409980,"Boot.dev"],/uploads/gh-pack/bootdev_logo_badge_800.png,,,ok
6a23b74239a93c1065409981,"JetBrains"],/uploads/gh-pack/logo-jetbrains-4e0f80fd67fc8aafadc0d28b3004f84d641540f99c3e804189e308b638c6d0af.jpg,,,ok
6a23b74239a93c1065409982,"Heroku"],/uploads/gh-pack/logo-heroku-c67bb92820f8fa28af1df38bc45f6748338d3b025f060d77bc7ab40f37b667ef.jpg,,,ok
6a23b74239a93c1065409983,"DataCamp"],/uploads/gh-pack/datacamp logo.png,,,ok
6a23b74239a93c1065409984,"Testmail"],/uploads/gh-pack/logo-testmail-611c8df941bf36c00bdff193f3f67addc57dffe89ba815d69ecd89e69e0c0ae9.jpg,,,ok
6a23b74239a93c1065409985,"Clerk"],/uploads/gh-pack/logotype-full-primary.png,,,ok
6a23b74239a93c1065409986,"MongoDB"],/uploads/gh-pack/Logo_RGB_Forest-Green.png,,,ok
6a23b74239a93c1065409987,"Termius"],/uploads/gh-pack/logo-termius-ff843c3940755f6c3cecc7e186368c0eefdd81a79ff755fbafc881ed4e0a9603.jpg,,,ok
6a23b74239a93c1065409988,"Stripe"],/uploads/gh-pack/logo-stripe-bcdb05f4e7e21a5dad7af5859c8242d8f365dd538d8de1c7ed6a19ec8ea9e46e.jpg,,,ok
6a23b74339a93c1065409989,"FrontendMasters"],/uploads/gh-pack/logo-frontendmasters-117a0014b456375f903e8b557a10ca2ef24335410886f071d5d6637b924f4e3e.jpg,,,ok
6a23b74339a93c106540998a,"GitHub Pages"],/uploads/gh-pack/logo-github-pages.jpeg,,,ok
6a23b74339a93c106540998b,"Microsoft Azure (for ages 13-17)"],/uploads/gh-pack/logo-microsoft-2ae66d4033f4624cc4d1a9ebebf547a5a30fed4280145e22233d2d5433e43a76.jpg,,,ok
6a23b74339a93c106540998c,"Github Campus Experts"],/uploads/gh-pack/logo-github-campus-experts.jpg,,,ok
6a23b74339a93c106540998d,"1Password"],/uploads/gh-pack/1Password_primary logo_light backgrounds_intrepid blue.png,,,ok
6a23b74339a93c106540998e,"Bootstrap Studio"],/uploads/gh-pack/logo-bootstrapstudio-b36883779c2e6c340d320317919bb2bac14be3eb682673607c493eae0c409fd4.jpg,,,ok
6a23b74439a93c106540998f,"PomoDone"],/uploads/gh-pack/logo-pomodone-8474a70f0c992cdd137aa9f98fbc3a1554daa829e829aee504e267613c395165.jpg,,,ok
6a23b74439a93c1065409990,"LocalStack"],/uploads/gh-pack/LocalStack_Logo_Gradient_OnWhite.png,,,ok
6a23b74439a93c1065409991,"Polypane"],/uploads/gh-pack/logo-polypane-a00e577dc4e01994605da166ee41871c3928a6a9f6ab3d27fbd0a03728885860.jpg,,,ok
6a23b74439a93c1065409992,"Sentry"],/uploads/gh-pack/logo-sentry-55dd6f20995e5343481dd060c2a7a193940e0214e6b5e4dd5cdb95870427016b.jpg,,,ok
6a23b74439a93c1065409993,"Deepnote"],/uploads/gh-pack/logo-full-dark.png,,,ok
6a23b74539a93c1065409994,"BrowserStack"],/uploads/gh-pack/logo-browserstack-0bc2d89efe36dfc3c963fdf6c4226b2907e5a90955d24e2d09ce5bffeb5c9640.jpg,,,ok
6a23b74539a93c1065409995,"Arduino"],/uploads/gh-pack/logo-arduino-020c4f4dd44af9ab0d5e40c47c7ebb2c5aaec7e5d408f862f64140de05200963.jpg,,,ok
6a23b74539a93c1065409996,"Icons8"],/uploads/gh-pack/logo-icons8-0920c224d27b3140b859cf6e6317961d1d6faf754392e0b55b64506c1738f85a.jpg,,,ok
6a23b74539a93c1065409997,"GitLens"],/uploads/gh-pack/gitlens-logo.png,,,ok
6a23b74539a93c1065409998,"Pageclip"],/uploads/gh-pack/logo-pageclip-0ac0410b7b8deff20d396f6de27ca947409ffd0abe90abf3b9a900e1756ecfb3.jpg,,,ok
6a23b74539a93c1065409999,"HazeOver"],/uploads/gh-pack/logo-hazeover-c488c0b101e245f56f546eabf0238e8ddc95ba1cf5735d2cb439cde9a4f794cd.jpg,,,ok
6a23b74539a93c106540999a,"LambdaTest"],/uploads/gh-pack/logo-lambdatest-1ff23c183e1be11fd8d733a31dac51d024b23883fe331f9986cd8021c02ffafc.jpg,,,ok
6a23b74539a93c106540999b,"AlgoExpert"],/uploads/gh-pack/ae_logo.png,,,ok
6a23b74639a93c106540999c,"GitKraken"],/uploads/gh-pack/gitkraken-desktop-logo.png,,,ok
6a23b74639a93c106540999d,"ToDiagram"],/uploads/gh-pack/todiagram-logo-wordmark--light.png,,,ok
6a23b74639a93c106540999e,"Imgbot"],/uploads/gh-pack/logo-imgbot-e8cbd1af30866bee9b74e5fc6166afe2ae6fe5e61362d1972555396ace8d9830.jpg,,,ok
6a23b74639a93c106540999f,"InterviewCake"],/uploads/gh-pack/logo-interviewcake-cb40d3fb50890729e960f6e95b6bdc4f85e69ebad14ef5a7657f6a5eb2706b2f.jpg,,,ok
6a23b74639a93c10654099a0,"Requestly"],/uploads/gh-pack/Requestly Logo.png,,,ok
6a23b74639a93c10654099a1,"Blackfire"],/uploads/gh-pack/logo-blackfire-bc735e26d7597c646d6575a1c4b10d8cd470b03e0550c59acc25d05aa6dd2a3a.jpg,,,ok
6a23b74739a93c10654099a2,"Adafruit"],/uploads/gh-pack/logo-adafruit-8c1aa4dc6f4fe223ed1d8d932edac1398b5cc64f805dccba1dc9bcf0fc0d2d64.jpg,,,ok
6a23b74739a93c10654099a3,"PopSQL"],/uploads/gh-pack/logo-popsql-81c7ab32033c8f9ad78f91a7be00725d613e3dba0a3f1b08bd251bcee4c6d926.jpg,,,ok
6a23b74739a93c10654099a4,"SlideCoach"],/uploads/gh-pack/SlideCoach-Logo copy small.png,,,ok
6a23b74739a93c10654099a5,"SQLGate"],/uploads/gh-pack/logo-sqlgate-72e96aeadfa14c80933b72eca1493dc2d4a29e2694d9214c6c78a76d7ec55be9.jpg,,,ok
6a23b74739a93c10654099a6,"GoRails"],/uploads/gh-pack/logo-gorails-fd2b191a93df05028245fbf01845ee7debd277b3db9215359a32ada78e155f24.jpg,,,ok
6a23b74739a93c10654099a7,"WorkingCopy"],/uploads/gh-pack/logo-workingcopy-664eb98533ffeb1a3d086e9c4d0a1e4fb6b431a3f61d5e70819b1a6a629e6383.jpg,,,ok
6a23b74839a93c10654099a8,"Tower"],/uploads/gh-pack/logo-tower-c2bf84e4ca803601e3a179d8e4b0bc898fa545c7f4e42caf9f5fac6f22a9ceff.jpg,,,ok
6a23b74839a93c10654099a9,"Xojo"],/uploads/gh-pack/logo-xojo-103a167c7b1a64ca92f2c6a7a17a798b0e50d1e953b7923eb68c694861a29251.jpg,,,ok
6a23b74839a93c10654099aa,"POEditor"],/uploads/gh-pack/logo-poeditor-dea2a94d8c5bc2ceaed46d2f2a7c57fe5e8e754e4f6fbb420c1991f4332fd6c6.jpg,,,ok
6a23b74839a93c10654099ab,"Codecov"],/uploads/gh-pack/logo-codecov-035d0f2e6d66080dab55e239603f77507ca8aa05d49f2ea4d36d9c49f9944ad9.jpg,,,ok
6a23b74839a93c10654099ac,"CARTO"],/uploads/gh-pack/logo-cartodb-a39687d6e75146a5834fb91b7496e1e5aa0c1328d032db4f86cdc428157bf6f5.jpg,,,ok
6a23b74839a93c10654099ad,"DeepScan"],/uploads/gh-pack/logo-deepscan-e7ccb26a858a6fcc24dde9ff7aedea6415b01fadd10cf7718da3aaf2141f93e0.jpg,,,ok
6a23b74939a93c10654099ae,"Blockchair"],/uploads/gh-pack/logo-blockchair-c0287e39c10fc653f9225561c9f8dc10c765adff4e2cab9fde1c6b64bbcb0e18.jpg,,,ok
6a23b74939a93c10654099af,"SimpleAnalytics"],/uploads/gh-pack/logo-simpleanalytics-00634f893cf6923e7b736e0a89d64068585f90ba756d5b8a12eda0b828e14f9a.jpg,,,ok
6a23b74939a93c10654099b0,"AstraSecurity"],/uploads/gh-pack/logo-astra-b6a87e51e50740c39fb44aeb1e66683bcbe7ca096362ee1f82e70cd1e4e3a614.jpg,,,ok
6a23b74939a93c10654099b1,"DevCycle"],/uploads/gh-pack/Color-logo-horizontal.png,,,ok
6a23b74939a93c10654099b2,"Honeybadger"],/uploads/gh-pack/logo-honeybadger-2a0f2c1697b0e92bce905a28387747f514614e87ed350f23677a549e679ae64d.jpg,,,ok
6a23b74939a93c10654099b3,"ConfigCat"],/uploads/gh-pack/logo-configcat-43ae43e3b778505f328c2a0633a071572aa3ecce1bea9dcea16c479e47930995.jpg,,,ok
6a23b74939a93c10654099b4,"Vaadin"],/uploads/gh-pack/logo-vaadin-f6fb52d9e85c8c6cb059e20ccdbd3bde608bb2625464d75e803abf8d53a6bb9e.jpg,,,ok
6a23b74939a93c10654099b5,"Themeisle"],/uploads/gh-pack/logo-themeisle-a7c55c5de45d9c8e84a0b149b3ca255239c73ce315d72b892b7b421bd70e89a0.jpg,,,ok
6a23b74939a93c10654099b6,"Dashlane"],/uploads/gh-pack/logo-dashlane-d1415f28e03d7f22211516aed32d203ca7e0c197653d109fd5114f5506593050.jpg,,,ok
6a23b74939a93c10654099b7,"SymfonyCasts"],/uploads/gh-pack/logo-symfonycasts-4f303f5edf0f0c6c1283ebf4dd5d29cb7018ba2f585c154ac61767dcae903f8c.jpg,,,ok
6a23b74939a93c10654099b8,"Appfigures"],/uploads/gh-pack/logo-appfigures-01663c1887ce9d4c7f2a47dfcf60e910187a1722df72a056d195201f27f793ab.jpg,,,ok